{
	"$schema": "https://biomejs.dev/schemas/2.2.6/schema.json",
	"vcs": {
		"enabled": false,
		"clientKind": "git",
		"useIgnoreFile": false
	},
	"files": {
		"ignoreUnknown": false
	},
	"formatter": {
		"enabled": true,
		"indentStyle": "tab"
	},
	"linter": {
		"enabled": true,
		"rules": {
			"recommended": true,
			"complexity": {
				"noStaticOnlyClass": "off"
			}
		}
	},
	"javascript": {
		"formatter": {
			"quoteStyle": "single",
			"semicolons": "always"
		}
	},
	"assist": {
		"enabled": true,
		"actions": {
			"source": {
				"organizeImports": "on"
			}
		}
	}
}
